CHROM	POS	ID	REF	ALT	QUAL	FILTER	ANN[*].GENE	ANN[*].EFFECT	ANN[*].IMPACT	ANN[*].HGVS_C	ANN[*].HGVS_P	GEN[*].GT	GEN[*].DP	GEN[*].AD
chr1	33013287	NA	C	T	3.19111E-4	NA	AK2	missense_variant	MODERATE	c.614G>A	p.G205E	0/1	16	14,2
chr1	33013287	NA	C	T	3.19111E-4	NA	AK2	missense_variant	MODERATE	c.590G>A	p.G197E	0/1	16	14,2
chr1	33013287	NA	C	T	3.19111E-4	NA	AK2	missense_variant	MODERATE	c.470G>A	p.G157E	0/1	16	14,2
chr1	33013287	NA	C	T	3.19111E-4	NA	AK2	missense_variant	MODERATE	c.614G>A	p.G205E	0/1	16	14,2
chr1	33013287	NA	C	T	3.19111E-4	NA	AK2	missense_variant	MODERATE	c.488G>A	p.G163E	0/1	16	14,2
chr1	33013287	NA	C	T	3.19111E-4	NA	AK2	missense_variant	MODERATE	c.614G>A	p.G205E	0/1	16	14,2
chr1	33013287	NA	C	T	3.19111E-4	NA	AK2	missense_variant	MODERATE	c.470G>A	p.G157E	0/1	16	14,2
chr1	33013299	NA	T	A	4.82644E-7	NA	AK2	missense_variant	MODERATE	c.602A>T	p.Y201F	0/1	35	31,4
chr1	33013299	NA	T	A	4.82644E-7	NA	AK2	missense_variant	MODERATE	c.578A>T	p.Y193F	0/1	35	31,4
chr1	33013299	NA	T	A	4.82644E-7	NA	AK2	missense_variant	MODERATE	c.458A>T	p.Y153F	0/1	35	31,4
chr1	33013299	NA	T	A	4.82644E-7	NA	AK2	missense_variant	MODERATE	c.602A>T	p.Y201F	0/1	35	31,4
chr1	33013299	NA	T	A	4.82644E-7	NA	AK2	missense_variant	MODERATE	c.476A>T	p.Y159F	0/1	35	31,4
chr1	33013299	NA	T	A	4.82644E-7	NA	AK2	missense_variant	MODERATE	c.602A>T	p.Y201F	0/1	35	31,4
chr1	33013299	NA	T	A	4.82644E-7	NA	AK2	missense_variant	MODERATE	c.458A>T	p.Y153F	0/1	35	31,4
chr1	33013358	NA	C	G	4.25922E-12	NA	AK2	missense_variant	MODERATE	c.543G>C	p.K181N	0/1	75	66,8
chr1	33013358	NA	C	G	4.25922E-12	NA	AK2	missense_variant	MODERATE	c.519G>C	p.K173N	0/1	75	66,8
chr1	33013358	NA	C	G	4.25922E-12	NA	AK2	missense_variant	MODERATE	c.399G>C	p.K133N	0/1	75	66,8
chr1	33013358	NA	C	G	4.25922E-12	NA	AK2	missense_variant	MODERATE	c.543G>C	p.K181N	0/1	75	66,8
chr1	33013358	NA	C	G	4.25922E-12	NA	AK2	missense_variant	MODERATE	c.417G>C	p.K139N	0/1	75	66,8
chr1	33013358	NA	C	G	4.25922E-12	NA	AK2	missense_variant	MODERATE	c.543G>C	p.K181N	0/1	75	66,8
chr1	33013358	NA	C	G	4.25922E-12	NA	AK2	missense_variant	MODERATE	c.399G>C	p.K133N	0/1	75	66,8
chr10	14908549	NA	C	A	2.26978E-6	NA	DCLRE1C	missense_variant	MODERATE	c.1938G>T	p.Q646H	0/1	22	20,2
chr10	14908549	NA	C	A	2.26978E-6	NA	DCLRE1C	missense_variant	MODERATE	c.1578G>T	p.Q526H	0/1	22	20,2
chr10	14908549	NA	C	A	2.26978E-6	NA	DCLRE1C	missense_variant	MODERATE	c.1578G>T	p.Q526H	0/1	22	20,2
chr10	14908549	NA	C	A	2.26978E-6	NA	DCLRE1C	missense_variant	MODERATE	c.1593G>T	p.Q531H	0/1	22	20,2
chr10	14908549	NA	C	A	2.26978E-6	NA	DCLRE1C	missense_variant	MODERATE	c.1578G>T	p.Q526H	0/1	22	20,2
chr10	14908549	NA	C	A	2.26978E-6	NA	DCLRE1C	missense_variant	MODERATE	c.1593G>T	p.Q531H	0/1	22	20,2
chr10	14908549	NA	C	A	2.26978E-6	NA	DCLRE1C	missense_variant	MODERATE	c.1578G>T	p.Q526H	0/1	22	20,2
chr10	14908549	NA	C	A	2.26978E-6	NA	DCLRE1C	missense_variant	MODERATE	c.1593G>T	p.Q531H	0/1	22	20,2
chr10	14919790	NA	C	A	0.0582075	NA	DCLRE1C	missense_variant	MODERATE	c.1104G>T	p.K368N	0/1	14	12,2
chr10	14919790	NA	C	A	0.0582075	NA	DCLRE1C	missense_variant	MODERATE	c.1104G>T	p.K368N	0/1	14	12,2
chr10	14919790	NA	C	A	0.0582075	NA	DCLRE1C	missense_variant	MODERATE	c.759G>T	p.K253N	0/1	14	12,2
chr10	14919790	NA	C	A	0.0582075	NA	DCLRE1C	missense_variant	MODERATE	c.744G>T	p.K248N	0/1	14	12,2
chr10	14919790	NA	C	A	0.0582075	NA	DCLRE1C	missense_variant	MODERATE	c.744G>T	p.K248N	0/1	14	12,2
chr10	14919790	NA	C	A	0.0582075	NA	DCLRE1C	missense_variant	MODERATE	c.744G>T	p.K248N	0/1	14	12,2
chr10	14919790	NA	C	A	0.0582075	NA	DCLRE1C	missense_variant	MODERATE	c.759G>T	p.K253N	0/1	14	12,2
chr10	14919790	NA	C	A	0.0582075	NA	DCLRE1C	missense_variant	MODERATE	c.744G>T	p.K248N	0/1	14	12,2
chr10	14919790	NA	C	A	0.0582075	NA	DCLRE1C	missense_variant	MODERATE	c.759G>T	p.K253N	0/1	14	12,2
chr10	14919790	NA	C	A	0.0582075	NA	DCLRE1C	missense_variant	MODERATE	c.744G>T	p.K248N	0/1	14	12,2
chr10	14919790	NA	C	A	0.0582075	NA	DCLRE1C	missense_variant	MODERATE	c.759G>T	p.K253N	0/1	14	12,2
chr11	36576101	NA	G	T	1.84876E-5	NA	RAG1	stop_gained	HIGH	c.2797G>T	p.G933*	0/1	15	13,2
chr11	36592815	NA	GCCCAT	GCCAT	1.58151E-7	NA	RAG2	frameshift_variant	HIGH	c.1351delG	p.H452fs	0/1	22	20,2
chr11	36592815	NA	GCCCAT	GCCAT	1.58151E-7	NA	RAG2	frameshift_variant	HIGH	c.1351delG	p.H452fs	0/1	22	20,2
chr11	36592815	NA	GCCCAT	GCCAT	1.58151E-7	NA	RAG2	frameshift_variant	HIGH	c.1351delG	p.H452fs	0/1	22	20,2
chr11	36593708	NA	ACA	AA	0.00377157	NA	RAG2	frameshift_variant	HIGH	c.460delG	p.V154fs	0/1	13	11,2
chr11	36593708	NA	ACA	AA	0.00377157	NA	RAG2	frameshift_variant	HIGH	c.460delG	p.V154fs	0/1	13	11,2
chr11	36593708	NA	ACA	AA	0.00377157	NA	RAG2	frameshift_variant	HIGH	c.460delG	p.V154fs	0/1	13	11,2
chr11	118349806	NA	C	A	0.00281636	NA	CD3G	missense_variant	MODERATE	c.143C>A	p.A48E	0/1	15	13,2
chr11	118349929	NA	G	T	0.111881	NA	CD3G	missense_variant	MODERATE	c.266G>T	p.G89V	0/1	12	10,2
chr11	118350634	NA	TG	CT	957.694	NA	CD3G	missense_variant	MODERATE	c.390_391delTGinsCT	p.V131F	0/1	85	46,39
chr13	108210509	NA	C	T	0.0139764	NA	LIG4	missense_variant	MODERATE	c.796G>A	p.A266T	0/1	13	11,2
chr13	108210509	NA	C	T	0.0139764	NA	LIG4	missense_variant	MODERATE	c.760G>A	p.A254T	0/1	13	11,2
chr13	108210509	NA	C	T	0.0139764	NA	LIG4	missense_variant	MODERATE	c.760G>A	p.A254T	0/1	13	11,2
chr13	108210509	NA	C	T	0.0139764	NA	LIG4	missense_variant	MODERATE	c.760G>A	p.A254T	0/1	13	11,2
chr13	108210509	NA	C	T	0.0139764	NA	LIG4	missense_variant	MODERATE	c.760G>A	p.A254T	0/1	13	11,2
chr13	108210509	NA	C	T	0.0139764	NA	LIG4	missense_variant	MODERATE	c.559G>A	p.A187T	0/1	13	11,2
chr13	108210509	NA	C	T	0.0139764	NA	LIG4	missense_variant	MODERATE	c.760G>A	p.A254T	0/1	13	11,2
chr13	108210509	NA	C	T	0.0139764	NA	LIG4	missense_variant	MODERATE	c.760G>A	p.A254T	0/1	13	11,2
chr13	108210509	NA	C	T	0.0139764	NA	LIG4	missense_variant	MODERATE	c.760G>A	p.A254T	0/1	13	11,2
chr13	108210509	NA	C	T	0.0139764	NA	LIG4	missense_variant	MODERATE	c.760G>A	p.A254T	0/1	13	11,2
chr13	108210509	NA	C	T	0.0139764	NA	LIG4	missense_variant	MODERATE	c.760G>A	p.A254T	0/1	13	11,2
chr13	108211154	NA	A	G	0.00975559	NA	LIG4	missense_variant	MODERATE	c.151T>C	p.F51L	0/1	14	12,2
chr13	108211154	NA	A	G	0.00975559	NA	LIG4	missense_variant	MODERATE	c.115T>C	p.F39L	0/1	14	12,2
chr13	108211154	NA	A	G	0.00975559	NA	LIG4	missense_variant	MODERATE	c.115T>C	p.F39L	0/1	14	12,2
chr13	108211154	NA	A	G	0.00975559	NA	LIG4	missense_variant	MODERATE	c.115T>C	p.F39L	0/1	14	12,2
chr13	108211154	NA	A	G	0.00975559	NA	LIG4	missense_variant	MODERATE	c.115T>C	p.F39L	0/1	14	12,2
chr13	108211154	NA	A	G	0.00975559	NA	LIG4	missense_variant	MODERATE	c.115T>C	p.F39L	0/1	14	12,2
chr13	108211154	NA	A	G	0.00975559	NA	LIG4	missense_variant	MODERATE	c.115T>C	p.F39L	0/1	14	12,2
chr13	108211154	NA	A	G	0.00975559	NA	LIG4	missense_variant	MODERATE	c.115T>C	p.F39L	0/1	14	12,2
chr13	108211154	NA	A	G	0.00975559	NA	LIG4	missense_variant	MODERATE	c.115T>C	p.F39L	0/1	14	12,2
chr13	108211154	NA	A	G	0.00975559	NA	LIG4	missense_variant	MODERATE	c.115T>C	p.F39L	0/1	14	12,2
chr14	20474797	NA	C	A	1.08797	NA	PNP	missense_variant	MODERATE	c.310C>A	p.H104N	0/1	10	8,2
chr16	30187434	NA	C	T	1333.79	NA	CORO1A	missense_variant	MODERATE	c.689C>T	p.S230L	0/1	77	24,53
chr16	30187434	NA	C	T	1333.79	NA	CORO1A	missense_variant	MODERATE	c.689C>T	p.S230L	0/1	77	24,53
chr17	28537426	NA	C	A	0.0040811	NA	FOXN1	missense_variant	MODERATE	c.1937C>A	p.A646D	0/1	14	12,2
chr17	28537426	NA	C	A	0.0040811	NA	FOXN1	missense_variant	MODERATE	c.1937C>A	p.A646D	0/1	14	12,2
chr18	58747792	NA	G	A	400.49	NA	MALT1	missense_variant	MODERATE	c.2425G>A	p.D809N	0/1	26	10,16
chr18	58747792	NA	G	A	400.49	NA	MALT1	missense_variant	MODERATE	c.2392G>A	p.D798N	0/1	26	10,16
chr19	17835084	NA	C	A	0.0040811	NA	JAK3	missense_variant&splice_region_variant	MODERATE	c.2046G>T	p.E682D	0/1	14	12,2
chr5	35860966	NA	T	C	604.198	NA	IL7R	missense_variant	MODERATE	c.197T>C	p.I66T	1/1	21	0,21
chr5	35871088	NA	G	A	317.444	NA	IL7R	missense_variant	MODERATE	c.412G>A	p.V138I	1/1	10	0,10
chr5	35874473	NA	C	T	395.94	NA	IL7R	missense_variant	MODERATE	c.731C>T	p.T244I	0/1	57	37,20
chr5	35876172	NA	A	G	191.938	NA	IL7R	missense_variant	MODERATE	c.1066A>G	p.I356V	0/1	10	2,8
chr7	2934628	NA	C	A	0.111881	NA	CARD11	missense_variant&splice_region_variant	MODERATE	c.1343G>T	p.S448I	0/1	12	10,2
chr7	2934628	NA	C	A	0.111881	NA	CARD11	missense_variant&splice_region_variant	MODERATE	c.1343G>T	p.S448I	0/1	12	10,2
chr7	2947725	NA	C	A	9.10986E-6	NA	CARD11	stop_gained	HIGH	c.70G>T	p.E24*	0/1	23	20,3
chr7	2947725	NA	C	A	9.10986E-6	NA	CARD11	stop_gained	HIGH	c.70G>T	p.E24*	0/1	23	20,3
