CHROM	POS	ID	REF	ALT	QUAL	FILTER	ANN[*].GENE	ANN[*].EFFECT	ANN[*].IMPACT	ANN[*].HGVS_C	ANN[*].HGVS_P	GEN[*].GT	GEN[*].DP	GEN[*].AD
chr1	33009343	NA	A	T	1.74418E-11	NA	AK2	3_prime_UTR_variant	MODIFIER	c.*3838T>A	NA	0/0	31	29,2
chr1	33009343	NA	A	T	1.74418E-11	NA	AK2	3_prime_UTR_variant	MODIFIER	c.*1486T>A	NA	0/0	31	29,2
chr1	33009343	NA	A	T	1.74418E-11	NA	AK2	3_prime_UTR_variant	MODIFIER	c.*1486T>A	NA	0/0	31	29,2
chr1	33009343	NA	A	T	1.74418E-11	NA	AK2	3_prime_UTR_variant	MODIFIER	c.*1535T>A	NA	0/0	31	29,2
chr1	33009343	NA	A	T	1.74418E-11	NA	AK2	3_prime_UTR_variant	MODIFIER	c.*1486T>A	NA	0/0	31	29,2
chr1	33009343	NA	A	T	1.74418E-11	NA	AK2	3_prime_UTR_variant	MODIFIER	c.*1486T>A	NA	0/0	31	29,2
chr1	33009343	NA	A	T	1.74418E-11	NA	AK2	non_coding_transcript_exon_variant	MODIFIER	n.2145T>A	NA	0/0	31	29,2
chr1	33009917	NA	G	A	1.94961E-12	NA	AK2	3_prime_UTR_variant	MODIFIER	c.*3264C>T	NA	0/0	32	30,2
chr1	33009917	NA	G	A	1.94961E-12	NA	AK2	3_prime_UTR_variant	MODIFIER	c.*912C>T	NA	0/0	32	30,2
chr1	33009917	NA	G	A	1.94961E-12	NA	AK2	3_prime_UTR_variant	MODIFIER	c.*912C>T	NA	0/0	32	30,2
chr1	33009917	NA	G	A	1.94961E-12	NA	AK2	3_prime_UTR_variant	MODIFIER	c.*961C>T	NA	0/0	32	30,2
chr1	33009917	NA	G	A	1.94961E-12	NA	AK2	3_prime_UTR_variant	MODIFIER	c.*912C>T	NA	0/0	32	30,2
chr1	33009917	NA	G	A	1.94961E-12	NA	AK2	3_prime_UTR_variant	MODIFIER	c.*912C>T	NA	0/0	32	30,2
chr1	33009917	NA	G	A	1.94961E-12	NA	AK2	non_coding_transcript_exon_variant	MODIFIER	n.1571C>T	NA	0/0	32	30,2
chr1	33010420	NA	G	T	4.49558E-5	NA	AK2	3_prime_UTR_variant	MODIFIER	c.*2761C>A	NA	0/1	19	17,2
chr1	33010420	NA	G	T	4.49558E-5	NA	AK2	3_prime_UTR_variant	MODIFIER	c.*409C>A	NA	0/1	19	17,2
chr1	33010420	NA	G	T	4.49558E-5	NA	AK2	3_prime_UTR_variant	MODIFIER	c.*409C>A	NA	0/1	19	17,2
chr1	33010420	NA	G	T	4.49558E-5	NA	AK2	3_prime_UTR_variant	MODIFIER	c.*458C>A	NA	0/1	19	17,2
chr1	33010420	NA	G	T	4.49558E-5	NA	AK2	3_prime_UTR_variant	MODIFIER	c.*409C>A	NA	0/1	19	17,2
chr1	33010420	NA	G	T	4.49558E-5	NA	AK2	3_prime_UTR_variant	MODIFIER	c.*409C>A	NA	0/1	19	17,2
chr1	33010420	NA	G	T	4.49558E-5	NA	AK2	non_coding_transcript_exon_variant	MODIFIER	n.1068C>A	NA	0/1	19	17,2
chr1	33010622	NA	TACA	TA	17.9195	NA	AK2	3_prime_UTR_variant	MODIFIER	c.*2556_*2557delTG	NA	0/1	6	4,2
chr1	33010622	NA	TACA	TA	17.9195	NA	AK2	3_prime_UTR_variant	MODIFIER	c.*204_*205delTG	NA	0/1	6	4,2
chr1	33010622	NA	TACA	TA	17.9195	NA	AK2	3_prime_UTR_variant	MODIFIER	c.*204_*205delTG	NA	0/1	6	4,2
chr1	33010622	NA	TACA	TA	17.9195	NA	AK2	3_prime_UTR_variant	MODIFIER	c.*253_*254delTG	NA	0/1	6	4,2
chr1	33010622	NA	TACA	TA	17.9195	NA	AK2	3_prime_UTR_variant	MODIFIER	c.*204_*205delTG	NA	0/1	6	4,2
chr1	33010622	NA	TACA	TA	17.9195	NA	AK2	3_prime_UTR_variant	MODIFIER	c.*204_*205delTG	NA	0/1	6	4,2
chr1	33010622	NA	TACA	TA	17.9195	NA	AK2	non_coding_transcript_exon_variant	MODIFIER	n.863_864delTG	NA	0/1	6	4,2
chr1	33010638	NA	T	C	21.6661	NA	AK2	3_prime_UTR_variant	MODIFIER	c.*2543A>G	NA	0/1	6	4,2
chr1	33010638	NA	T	C	21.6661	NA	AK2	3_prime_UTR_variant	MODIFIER	c.*191A>G	NA	0/1	6	4,2
chr1	33010638	NA	T	C	21.6661	NA	AK2	3_prime_UTR_variant	MODIFIER	c.*191A>G	NA	0/1	6	4,2
chr1	33010638	NA	T	C	21.6661	NA	AK2	3_prime_UTR_variant	MODIFIER	c.*240A>G	NA	0/1	6	4,2
chr1	33010638	NA	T	C	21.6661	NA	AK2	3_prime_UTR_variant	MODIFIER	c.*191A>G	NA	0/1	6	4,2
chr1	33010638	NA	T	C	21.6661	NA	AK2	3_prime_UTR_variant	MODIFIER	c.*191A>G	NA	0/1	6	4,2
chr1	33010638	NA	T	C	21.6661	NA	AK2	non_coding_transcript_exon_variant	MODIFIER	n.850A>G	NA	0/1	6	4,2
chr1	33010691	NA	A	G	21.6661	NA	AK2	3_prime_UTR_variant	MODIFIER	c.*2490T>C	NA	0/1	6	4,2
chr1	33010691	NA	A	G	21.6661	NA	AK2	3_prime_UTR_variant	MODIFIER	c.*138T>C	NA	0/1	6	4,2
chr1	33010691	NA	A	G	21.6661	NA	AK2	3_prime_UTR_variant	MODIFIER	c.*138T>C	NA	0/1	6	4,2
chr1	33010691	NA	A	G	21.6661	NA	AK2	3_prime_UTR_variant	MODIFIER	c.*187T>C	NA	0/1	6	4,2
chr1	33010691	NA	A	G	21.6661	NA	AK2	3_prime_UTR_variant	MODIFIER	c.*138T>C	NA	0/1	6	4,2
chr1	33010691	NA	A	G	21.6661	NA	AK2	3_prime_UTR_variant	MODIFIER	c.*138T>C	NA	0/1	6	4,2
chr1	33010691	NA	A	G	21.6661	NA	AK2	non_coding_transcript_exon_variant	MODIFIER	n.797T>C	NA	0/1	6	4,2
chr1	33010752	NA	C	T	110.167	NA	AK2	3_prime_UTR_variant	MODIFIER	c.*2429G>A	NA	0/1	12	6,6
chr1	33010752	NA	C	T	110.167	NA	AK2	3_prime_UTR_variant	MODIFIER	c.*77G>A	NA	0/1	12	6,6
chr1	33010752	NA	C	T	110.167	NA	AK2	3_prime_UTR_variant	MODIFIER	c.*77G>A	NA	0/1	12	6,6
chr1	33010752	NA	C	T	110.167	NA	AK2	3_prime_UTR_variant	MODIFIER	c.*126G>A	NA	0/1	12	6,6
chr1	33010752	NA	C	T	110.167	NA	AK2	3_prime_UTR_variant	MODIFIER	c.*77G>A	NA	0/1	12	6,6
chr1	33010752	NA	C	T	110.167	NA	AK2	3_prime_UTR_variant	MODIFIER	c.*77G>A	NA	0/1	12	6,6
chr1	33010752	NA	C	T	110.167	NA	AK2	non_coding_transcript_exon_variant	MODIFIER	n.736G>A	NA	0/1	12	6,6
chr1	33010784	NA	CGC	GGT	19.3229	NA	AK2	3_prime_UTR_variant	MODIFIER	c.*2395_*2397delGCGinsACC	NA	0/1	4	2,2
chr1	33010784	NA	CGC	GGT	19.3229	NA	AK2	3_prime_UTR_variant	MODIFIER	c.*43_*45delGCGinsACC	NA	0/1	4	2,2
chr1	33010784	NA	CGC	GGT	19.3229	NA	AK2	3_prime_UTR_variant	MODIFIER	c.*43_*45delGCGinsACC	NA	0/1	4	2,2
chr1	33010784	NA	CGC	GGT	19.3229	NA	AK2	3_prime_UTR_variant	MODIFIER	c.*92_*94delGCGinsACC	NA	0/1	4	2,2
chr1	33010784	NA	CGC	GGT	19.3229	NA	AK2	3_prime_UTR_variant	MODIFIER	c.*43_*45delGCGinsACC	NA	0/1	4	2,2
chr1	33010784	NA	CGC	GGT	19.3229	NA	AK2	3_prime_UTR_variant	MODIFIER	c.*43_*45delGCGinsACC	NA	0/1	4	2,2
chr1	33010784	NA	CGC	GGT	19.3229	NA	AK2	non_coding_transcript_exon_variant	MODIFIER	n.702_704delGCGinsACC	NA	0/1	4	2,2
chr1	33010795	NA	G	A	5.54318	NA	AK2	3_prime_UTR_variant	MODIFIER	c.*2386C>T	NA	0/1	4	2,2
chr1	33010795	NA	G	A	5.54318	NA	AK2	3_prime_UTR_variant	MODIFIER	c.*34C>T	NA	0/1	4	2,2
chr1	33010795	NA	G	A	5.54318	NA	AK2	3_prime_UTR_variant	MODIFIER	c.*34C>T	NA	0/1	4	2,2
chr1	33010795	NA	G	A	5.54318	NA	AK2	3_prime_UTR_variant	MODIFIER	c.*83C>T	NA	0/1	4	2,2
chr1	33010795	NA	G	A	5.54318	NA	AK2	3_prime_UTR_variant	MODIFIER	c.*34C>T	NA	0/1	4	2,2
chr1	33010795	NA	G	A	5.54318	NA	AK2	3_prime_UTR_variant	MODIFIER	c.*34C>T	NA	0/1	4	2,2
chr1	33010795	NA	G	A	5.54318	NA	AK2	non_coding_transcript_exon_variant	MODIFIER	n.693C>T	NA	0/1	4	2,2
chr1	33010803	NA	T	G	21.6661	NA	AK2	3_prime_UTR_variant	MODIFIER	c.*2378A>C	NA	0/1	6	4,2
chr1	33010803	NA	T	G	21.6661	NA	AK2	3_prime_UTR_variant	MODIFIER	c.*26A>C	NA	0/1	6	4,2
chr1	33010803	NA	T	G	21.6661	NA	AK2	3_prime_UTR_variant	MODIFIER	c.*26A>C	NA	0/1	6	4,2
chr1	33010803	NA	T	G	21.6661	NA	AK2	3_prime_UTR_variant	MODIFIER	c.*75A>C	NA	0/1	6	4,2
chr1	33010803	NA	T	G	21.6661	NA	AK2	3_prime_UTR_variant	MODIFIER	c.*26A>C	NA	0/1	6	4,2
chr1	33010803	NA	T	G	21.6661	NA	AK2	3_prime_UTR_variant	MODIFIER	c.*26A>C	NA	0/1	6	4,2
chr1	33010803	NA	T	G	21.6661	NA	AK2	non_coding_transcript_exon_variant	MODIFIER	n.685A>C	NA	0/1	6	4,2
chr1	33013277	NA	G	A	0.00543671	NA	AK2	synonymous_variant	LOW	c.624C>T	p.S208S	0/1	14	12,2
chr1	33013277	NA	G	A	0.00543671	NA	AK2	synonymous_variant	LOW	c.600C>T	p.S200S	0/1	14	12,2
chr1	33013277	NA	G	A	0.00543671	NA	AK2	synonymous_variant	LOW	c.480C>T	p.S160S	0/1	14	12,2
chr1	33013277	NA	G	A	0.00543671	NA	AK2	synonymous_variant	LOW	c.624C>T	p.S208S	0/1	14	12,2
chr1	33013277	NA	G	A	0.00543671	NA	AK2	synonymous_variant	LOW	c.498C>T	p.S166S	0/1	14	12,2
chr1	33013277	NA	G	A	0.00543671	NA	AK2	synonymous_variant	LOW	c.624C>T	p.S208S	0/1	14	12,2
chr1	33013277	NA	G	A	0.00543671	NA	AK2	synonymous_variant	LOW	c.480C>T	p.S160S	0/1	14	12,2
chr1	33013277	NA	G	A	0.00543671	NA	AK2	3_prime_UTR_variant	MODIFIER	c.*127C>T	NA	0/1	14	12,2
chr1	33013277	NA	G	A	0.00543671	NA	AK2	non_coding_transcript_exon_variant	MODIFIER	n.584C>T	NA	0/1	14	12,2
chr1	33013287	NA	C	T	3.19111E-4	NA	AK2	missense_variant	MODERATE	c.614G>A	p.G205E	0/1	16	14,2
chr1	33013287	NA	C	T	3.19111E-4	NA	AK2	missense_variant	MODERATE	c.590G>A	p.G197E	0/1	16	14,2
chr1	33013287	NA	C	T	3.19111E-4	NA	AK2	missense_variant	MODERATE	c.470G>A	p.G157E	0/1	16	14,2
chr1	33013287	NA	C	T	3.19111E-4	NA	AK2	missense_variant	MODERATE	c.614G>A	p.G205E	0/1	16	14,2
chr1	33013287	NA	C	T	3.19111E-4	NA	AK2	missense_variant	MODERATE	c.488G>A	p.G163E	0/1	16	14,2
chr1	33013287	NA	C	T	3.19111E-4	NA	AK2	missense_variant	MODERATE	c.614G>A	p.G205E	0/1	16	14,2
chr1	33013287	NA	C	T	3.19111E-4	NA	AK2	missense_variant	MODERATE	c.470G>A	p.G157E	0/1	16	14,2
chr1	33013287	NA	C	T	3.19111E-4	NA	AK2	3_prime_UTR_variant	MODIFIER	c.*117G>A	NA	0/1	16	14,2
chr1	33013287	NA	C	T	3.19111E-4	NA	AK2	non_coding_transcript_exon_variant	MODIFIER	n.574G>A	NA	0/1	16	14,2
chr1	33013299	NA	T	A	4.82644E-7	NA	AK2	missense_variant	MODERATE	c.602A>T	p.Y201F	0/1	35	31,4
chr1	33013299	NA	T	A	4.82644E-7	NA	AK2	missense_variant	MODERATE	c.578A>T	p.Y193F	0/1	35	31,4
chr1	33013299	NA	T	A	4.82644E-7	NA	AK2	missense_variant	MODERATE	c.458A>T	p.Y153F	0/1	35	31,4
chr1	33013299	NA	T	A	4.82644E-7	NA	AK2	missense_variant	MODERATE	c.602A>T	p.Y201F	0/1	35	31,4
chr1	33013299	NA	T	A	4.82644E-7	NA	AK2	missense_variant	MODERATE	c.476A>T	p.Y159F	0/1	35	31,4
chr1	33013299	NA	T	A	4.82644E-7	NA	AK2	missense_variant	MODERATE	c.602A>T	p.Y201F	0/1	35	31,4
chr1	33013299	NA	T	A	4.82644E-7	NA	AK2	missense_variant	MODERATE	c.458A>T	p.Y153F	0/1	35	31,4
chr1	33013299	NA	T	A	4.82644E-7	NA	AK2	3_prime_UTR_variant	MODIFIER	c.*105A>T	NA	0/1	35	31,4
chr1	33013299	NA	T	A	4.82644E-7	NA	AK2	non_coding_transcript_exon_variant	MODIFIER	n.562A>T	NA	0/1	35	31,4
chr1	33013319	NA	G	A	1.36814E-14	NA	AK2	synonymous_variant	LOW	c.582C>T	p.T194T	0/0	70	65,5
chr1	33013319	NA	G	A	1.36814E-14	NA	AK2	synonymous_variant	LOW	c.558C>T	p.T186T	0/0	70	65,5
chr1	33013319	NA	G	A	1.36814E-14	NA	AK2	synonymous_variant	LOW	c.438C>T	p.T146T	0/0	70	65,5
chr1	33013319	NA	G	A	1.36814E-14	NA	AK2	synonymous_variant	LOW	c.582C>T	p.T194T	0/0	70	65,5
chr1	33013319	NA	G	A	1.36814E-14	NA	AK2	synonymous_variant	LOW	c.456C>T	p.T152T	0/0	70	65,5
chr1	33013319	NA	G	A	1.36814E-14	NA	AK2	synonymous_variant	LOW	c.582C>T	p.T194T	0/0	70	65,5
chr1	33013319	NA	G	A	1.36814E-14	NA	AK2	synonymous_variant	LOW	c.438C>T	p.T146T	0/0	70	65,5
chr1	33013319	NA	G	A	1.36814E-14	NA	AK2	3_prime_UTR_variant	MODIFIER	c.*85C>T	NA	0/0	70	65,5
chr1	33013319	NA	G	A	1.36814E-14	NA	AK2	non_coding_transcript_exon_variant	MODIFIER	n.542C>T	NA	0/0	70	65,5
chr1	33013330	NA	G	C	0.0	NA	AK2	missense_variant	MODERATE	c.571C>G	p.H191D	0/0	79	72,7
chr1	33013330	NA	G	C	0.0	NA	AK2	missense_variant	MODERATE	c.547C>G	p.H183D	0/0	79	72,7
chr1	33013330	NA	G	C	0.0	NA	AK2	missense_variant	MODERATE	c.427C>G	p.H143D	0/0	79	72,7
chr1	33013330	NA	G	C	0.0	NA	AK2	missense_variant	MODERATE	c.571C>G	p.H191D	0/0	79	72,7
chr1	33013330	NA	G	C	0.0	NA	AK2	missense_variant	MODERATE	c.445C>G	p.H149D	0/0	79	72,7
chr1	33013330	NA	G	C	0.0	NA	AK2	missense_variant	MODERATE	c.571C>G	p.H191D	0/0	79	72,7
chr1	33013330	NA	G	C	0.0	NA	AK2	missense_variant	MODERATE	c.427C>G	p.H143D	0/0	79	72,7
chr1	33013330	NA	G	C	0.0	NA	AK2	3_prime_UTR_variant	MODIFIER	c.*74C>G	NA	0/0	79	72,7
chr1	33013330	NA	G	C	0.0	NA	AK2	non_coding_transcript_exon_variant	MODIFIER	n.531C>G	NA	0/0	79	72,7
chr1	33013358	NA	C	G	4.25922E-12	NA	AK2	missense_variant	MODERATE	c.543G>C	p.K181N	0/1	75	66,8
chr1	33013358	NA	C	G	4.25922E-12	NA	AK2	missense_variant	MODERATE	c.519G>C	p.K173N	0/1	75	66,8
chr1	33013358	NA	C	G	4.25922E-12	NA	AK2	missense_variant	MODERATE	c.399G>C	p.K133N	0/1	75	66,8
chr1	33013358	NA	C	G	4.25922E-12	NA	AK2	missense_variant	MODERATE	c.543G>C	p.K181N	0/1	75	66,8
chr1	33013358	NA	C	G	4.25922E-12	NA	AK2	missense_variant	MODERATE	c.417G>C	p.K139N	0/1	75	66,8
chr1	33013358	NA	C	G	4.25922E-12	NA	AK2	missense_variant	MODERATE	c.543G>C	p.K181N	0/1	75	66,8
chr1	33013358	NA	C	G	4.25922E-12	NA	AK2	missense_variant	MODERATE	c.399G>C	p.K133N	0/1	75	66,8
chr1	33013358	NA	C	G	4.25922E-12	NA	AK2	3_prime_UTR_variant	MODIFIER	c.*46G>C	NA	0/1	75	66,8
chr1	33013358	NA	C	G	4.25922E-12	NA	AK2	non_coding_transcript_exon_variant	MODIFIER	n.503G>C	NA	0/1	75	66,8
chr1	33013382	NA	G	A	8.77166E-9	NA	AK2	synonymous_variant	LOW	c.519C>T	p.I173I	0/1	52	46,6
chr1	33013382	NA	G	A	8.77166E-9	NA	AK2	synonymous_variant	LOW	c.495C>T	p.I165I	0/1	52	46,6
chr1	33013382	NA	G	A	8.77166E-9	NA	AK2	synonymous_variant	LOW	c.375C>T	p.I125I	0/1	52	46,6
chr1	33013382	NA	G	A	8.77166E-9	NA	AK2	synonymous_variant	LOW	c.519C>T	p.I173I	0/1	52	46,6
chr1	33013382	NA	G	A	8.77166E-9	NA	AK2	synonymous_variant	LOW	c.393C>T	p.I131I	0/1	52	46,6
chr1	33013382	NA	G	A	8.77166E-9	NA	AK2	synonymous_variant	LOW	c.519C>T	p.I173I	0/1	52	46,6
chr1	33013382	NA	G	A	8.77166E-9	NA	AK2	synonymous_variant	LOW	c.375C>T	p.I125I	0/1	52	46,6
chr1	33013382	NA	G	A	8.77166E-9	NA	AK2	3_prime_UTR_variant	MODIFIER	c.*22C>T	NA	0/1	52	46,6
chr1	33013382	NA	G	A	8.77166E-9	NA	AK2	non_coding_transcript_exon_variant	MODIFIER	n.479C>T	NA	0/1	52	46,6
chr10	14897492	NA	GTTTTGTC	GTTTGTC	5.03085E-6	NA	DCLRE1C	3_prime_UTR_variant	MODIFIER	c.*1754delA	NA	0/0	18	15,2
chr10	14897492	NA	GTTTTGTC	GTTTGTC	5.03085E-6	NA	DCLRE1C	3_prime_UTR_variant	MODIFIER	c.*1754delA	NA	0/0	18	15,2
chr10	14897492	NA	GTTTTGTC	GTTTGTC	5.03085E-6	NA	DCLRE1C	3_prime_UTR_variant	MODIFIER	c.*1754delA	NA	0/0	18	15,2
chr10	14906694	NA	G	A	58.2338	NA	DCLRE1C	3_prime_UTR_variant	MODIFIER	c.*1714C>T	NA	1/1	2	0,2
chr10	14906694	NA	G	A	58.2338	NA	DCLRE1C	3_prime_UTR_variant	MODIFIER	c.*1714C>T	NA	1/1	2	0,2
chr10	14906694	NA	G	A	58.2338	NA	DCLRE1C	3_prime_UTR_variant	MODIFIER	c.*1714C>T	NA	1/1	2	0,2
chr10	14906694	NA	G	A	58.2338	NA	DCLRE1C	3_prime_UTR_variant	MODIFIER	c.*1714C>T	NA	1/1	2	0,2
chr10	14906694	NA	G	A	58.2338	NA	DCLRE1C	3_prime_UTR_variant	MODIFIER	c.*1714C>T	NA	1/1	2	0,2
chr10	14906694	NA	G	A	58.2338	NA	DCLRE1C	3_prime_UTR_variant	MODIFIER	c.*1714C>T	NA	1/1	2	0,2
chr10	14906694	NA	G	A	58.2338	NA	DCLRE1C	3_prime_UTR_variant	MODIFIER	c.*1714C>T	NA	1/1	2	0,2
chr10	14906694	NA	G	A	58.2338	NA	DCLRE1C	3_prime_UTR_variant	MODIFIER	c.*1714C>T	NA	1/1	2	0,2
chr10	14906694	NA	G	A	58.2338	NA	DCLRE1C	non_coding_transcript_exon_variant	MODIFIER	n.4280C>T	NA	1/1	2	0,2
chr10	14906694	NA	G	A	58.2338	NA	DCLRE1C	non_coding_transcript_exon_variant	MODIFIER	n.4232C>T	NA	1/1	2	0,2
chr10	14906694	NA	G	A	58.2338	NA	DCLRE1C	non_coding_transcript_exon_variant	MODIFIER	n.3973C>T	NA	1/1	2	0,2
chr10	14908549	NA	C	A	2.26978E-6	NA	DCLRE1C	missense_variant	MODERATE	c.1938G>T	p.Q646H	0/1	22	20,2
chr10	14908549	NA	C	A	2.26978E-6	NA	DCLRE1C	missense_variant	MODERATE	c.1578G>T	p.Q526H	0/1	22	20,2
chr10	14908549	NA	C	A	2.26978E-6	NA	DCLRE1C	missense_variant	MODERATE	c.1578G>T	p.Q526H	0/1	22	20,2
chr10	14908549	NA	C	A	2.26978E-6	NA	DCLRE1C	missense_variant	MODERATE	c.1593G>T	p.Q531H	0/1	22	20,2
chr10	14908549	NA	C	A	2.26978E-6	NA	DCLRE1C	missense_variant	MODERATE	c.1578G>T	p.Q526H	0/1	22	20,2
chr10	14908549	NA	C	A	2.26978E-6	NA	DCLRE1C	missense_variant	MODERATE	c.1593G>T	p.Q531H	0/1	22	20,2
chr10	14908549	NA	C	A	2.26978E-6	NA	DCLRE1C	missense_variant	MODERATE	c.1578G>T	p.Q526H	0/1	22	20,2
chr10	14908549	NA	C	A	2.26978E-6	NA	DCLRE1C	missense_variant	MODERATE	c.1593G>T	p.Q531H	0/1	22	20,2
chr10	14908549	NA	C	A	2.26978E-6	NA	DCLRE1C	non_coding_transcript_exon_variant	MODIFIER	n.2425G>T	NA	0/1	22	20,2
chr10	14908549	NA	C	A	2.26978E-6	NA	DCLRE1C	non_coding_transcript_exon_variant	MODIFIER	n.2377G>T	NA	0/1	22	20,2
chr10	14908549	NA	C	A	2.26978E-6	NA	DCLRE1C	non_coding_transcript_exon_variant	MODIFIER	n.2118G>T	NA	0/1	22	20,2
chr10	14919750	NA	G	T	2.1999E-14	NA	DCLRE1C	missense_variant	MODERATE	c.1144C>A	p.H382N	0/0	40	38,2
chr10	14919750	NA	G	T	2.1999E-14	NA	DCLRE1C	missense_variant	MODERATE	c.1144C>A	p.H382N	0/0	40	38,2
chr10	14919750	NA	G	T	2.1999E-14	NA	DCLRE1C	missense_variant	MODERATE	c.799C>A	p.H267N	0/0	40	38,2
chr10	14919750	NA	G	T	2.1999E-14	NA	DCLRE1C	missense_variant	MODERATE	c.784C>A	p.H262N	0/0	40	38,2
chr10	14919750	NA	G	T	2.1999E-14	NA	DCLRE1C	missense_variant	MODERATE	c.784C>A	p.H262N	0/0	40	38,2
chr10	14919750	NA	G	T	2.1999E-14	NA	DCLRE1C	missense_variant	MODERATE	c.784C>A	p.H262N	0/0	40	38,2
chr10	14919750	NA	G	T	2.1999E-14	NA	DCLRE1C	missense_variant	MODERATE	c.799C>A	p.H267N	0/0	40	38,2
chr10	14919750	NA	G	T	2.1999E-14	NA	DCLRE1C	missense_variant	MODERATE	c.784C>A	p.H262N	0/0	40	38,2
chr10	14919750	NA	G	T	2.1999E-14	NA	DCLRE1C	missense_variant	MODERATE	c.799C>A	p.H267N	0/0	40	38,2
chr10	14919750	NA	G	T	2.1999E-14	NA	DCLRE1C	missense_variant	MODERATE	c.784C>A	p.H262N	0/0	40	38,2
chr10	14919750	NA	G	T	2.1999E-14	NA	DCLRE1C	missense_variant	MODERATE	c.799C>A	p.H267N	0/0	40	38,2
chr10	14919750	NA	G	T	2.1999E-14	NA	DCLRE1C	non_coding_transcript_exon_variant	MODIFIER	n.1511C>A	NA	0/0	40	38,2
chr10	14919750	NA	G	T	2.1999E-14	NA	DCLRE1C	non_coding_transcript_exon_variant	MODIFIER	n.1631C>A	NA	0/0	40	38,2
chr10	14919750	NA	G	T	2.1999E-14	NA	DCLRE1C	non_coding_transcript_exon_variant	MODIFIER	n.1442C>A	NA	0/0	40	38,2
chr10	14919750	NA	G	T	2.1999E-14	NA	DCLRE1C	non_coding_transcript_exon_variant	MODIFIER	n.1324C>A	NA	0/0	40	38,2
chr10	14919790	NA	C	A	0.0582075	NA	DCLRE1C	missense_variant	MODERATE	c.1104G>T	p.K368N	0/1	14	12,2
chr10	14919790	NA	C	A	0.0582075	NA	DCLRE1C	missense_variant	MODERATE	c.1104G>T	p.K368N	0/1	14	12,2
chr10	14919790	NA	C	A	0.0582075	NA	DCLRE1C	missense_variant	MODERATE	c.759G>T	p.K253N	0/1	14	12,2
chr10	14919790	NA	C	A	0.0582075	NA	DCLRE1C	missense_variant	MODERATE	c.744G>T	p.K248N	0/1	14	12,2
chr10	14919790	NA	C	A	0.0582075	NA	DCLRE1C	missense_variant	MODERATE	c.744G>T	p.K248N	0/1	14	12,2
chr10	14919790	NA	C	A	0.0582075	NA	DCLRE1C	missense_variant	MODERATE	c.744G>T	p.K248N	0/1	14	12,2
chr10	14919790	NA	C	A	0.0582075	NA	DCLRE1C	missense_variant	MODERATE	c.759G>T	p.K253N	0/1	14	12,2
chr10	14919790	NA	C	A	0.0582075	NA	DCLRE1C	missense_variant	MODERATE	c.744G>T	p.K248N	0/1	14	12,2
chr10	14919790	NA	C	A	0.0582075	NA	DCLRE1C	missense_variant	MODERATE	c.759G>T	p.K253N	0/1	14	12,2
chr10	14919790	NA	C	A	0.0582075	NA	DCLRE1C	missense_variant	MODERATE	c.744G>T	p.K248N	0/1	14	12,2
chr10	14919790	NA	C	A	0.0582075	NA	DCLRE1C	missense_variant	MODERATE	c.759G>T	p.K253N	0/1	14	12,2
chr10	14919790	NA	C	A	0.0582075	NA	DCLRE1C	non_coding_transcript_exon_variant	MODIFIER	n.1471G>T	NA	0/1	14	12,2
chr10	14919790	NA	C	A	0.0582075	NA	DCLRE1C	non_coding_transcript_exon_variant	MODIFIER	n.1591G>T	NA	0/1	14	12,2
chr10	14919790	NA	C	A	0.0582075	NA	DCLRE1C	non_coding_transcript_exon_variant	MODIFIER	n.1402G>T	NA	0/1	14	12,2
chr10	14919790	NA	C	A	0.0582075	NA	DCLRE1C	non_coding_transcript_exon_variant	MODIFIER	n.1284G>T	NA	0/1	14	12,2
chr10	14934415	NA	G	A	66.6944	NA	DCLRE1C	synonymous_variant	LOW	c.643C>T	p.L215L	0/1	10	6,4
chr10	14934415	NA	G	A	66.6944	NA	DCLRE1C	synonymous_variant	LOW	c.643C>T	p.L215L	0/1	10	6,4
chr10	14934415	NA	G	A	66.6944	NA	DCLRE1C	synonymous_variant	LOW	c.298C>T	p.L100L	0/1	10	6,4
chr10	14934415	NA	G	A	66.6944	NA	DCLRE1C	synonymous_variant	LOW	c.283C>T	p.L95L	0/1	10	6,4
chr10	14934415	NA	G	A	66.6944	NA	DCLRE1C	synonymous_variant	LOW	c.283C>T	p.L95L	0/1	10	6,4
chr10	14934415	NA	G	A	66.6944	NA	DCLRE1C	synonymous_variant	LOW	c.283C>T	p.L95L	0/1	10	6,4
chr10	14934415	NA	G	A	66.6944	NA	DCLRE1C	synonymous_variant	LOW	c.298C>T	p.L100L	0/1	10	6,4
chr10	14934415	NA	G	A	66.6944	NA	DCLRE1C	synonymous_variant	LOW	c.283C>T	p.L95L	0/1	10	6,4
chr10	14934415	NA	G	A	66.6944	NA	DCLRE1C	synonymous_variant	LOW	c.298C>T	p.L100L	0/1	10	6,4
chr10	14934415	NA	G	A	66.6944	NA	DCLRE1C	synonymous_variant	LOW	c.283C>T	p.L95L	0/1	10	6,4
chr10	14934415	NA	G	A	66.6944	NA	DCLRE1C	synonymous_variant	LOW	c.298C>T	p.L100L	0/1	10	6,4
chr10	14934415	NA	G	A	66.6944	NA	DCLRE1C	non_coding_transcript_exon_variant	MODIFIER	n.1065C>T	NA	0/1	10	6,4
chr10	14934415	NA	G	A	66.6944	NA	DCLRE1C	non_coding_transcript_exon_variant	MODIFIER	n.1065C>T	NA	0/1	10	6,4
chr10	14934415	NA	G	A	66.6944	NA	DCLRE1C	non_coding_transcript_exon_variant	MODIFIER	n.941C>T	NA	0/1	10	6,4
chr10	14934415	NA	G	A	66.6944	NA	DCLRE1C	non_coding_transcript_exon_variant	MODIFIER	n.758C>T	NA	0/1	10	6,4
chr10	14942244	NA	T	C	58.0704	NA	DCLRE1C	5_prime_UTR_variant	MODIFIER	c.-245A>G	NA	1/1	2	0,2
chr10	14942244	NA	T	C	58.0704	NA	DCLRE1C	5_prime_UTR_variant	MODIFIER	c.-245A>G	NA	1/1	2	0,2
chr10	14945109	NA	C	A	3.40965E-13	NA	DCLRE1C	missense_variant	MODERATE	c.242G>T	p.R81L	0/0	34	32,2
chr10	14945109	NA	C	A	3.40965E-13	NA	DCLRE1C	missense_variant	MODERATE	c.242G>T	p.R81L	0/0	34	32,2
chr10	14945109	NA	C	A	3.40965E-13	NA	DCLRE1C	5_prime_UTR_variant	MODIFIER	c.-48G>T	NA	0/0	34	32,2
chr10	14945109	NA	C	A	3.40965E-13	NA	DCLRE1C	5_prime_UTR_variant	MODIFIER	c.-119G>T	NA	0/0	34	32,2
chr10	14945109	NA	C	A	3.40965E-13	NA	DCLRE1C	5_prime_UTR_variant	MODIFIER	c.-119G>T	NA	0/0	34	32,2
chr10	14945109	NA	C	A	3.40965E-13	NA	DCLRE1C	5_prime_UTR_variant	MODIFIER	c.-441G>T	NA	0/0	34	32,2
chr10	14945109	NA	C	A	3.40965E-13	NA	DCLRE1C	5_prime_UTR_variant	MODIFIER	c.-119G>T	NA	0/0	34	32,2
chr10	14945109	NA	C	A	3.40965E-13	NA	DCLRE1C	5_prime_UTR_variant	MODIFIER	c.-48G>T	NA	0/0	34	32,2
chr10	14945109	NA	C	A	3.40965E-13	NA	DCLRE1C	5_prime_UTR_variant	MODIFIER	c.-441G>T	NA	0/0	34	32,2
chr10	14945109	NA	C	A	3.40965E-13	NA	DCLRE1C	5_prime_UTR_variant	MODIFIER	c.-48G>T	NA	0/0	34	32,2
chr10	14945109	NA	C	A	3.40965E-13	NA	DCLRE1C	non_coding_transcript_exon_variant	MODIFIER	n.664G>T	NA	0/0	34	32,2
chr10	14945109	NA	C	A	3.40965E-13	NA	DCLRE1C	non_coding_transcript_exon_variant	MODIFIER	n.664G>T	NA	0/0	34	32,2
chr10	14945109	NA	C	A	3.40965E-13	NA	DCLRE1C	non_coding_transcript_exon_variant	MODIFIER	n.413G>T	NA	0/0	34	32,2
chr10	14945109	NA	C	A	3.40965E-13	NA	DCLRE1C	non_coding_transcript_exon_variant	MODIFIER	n.413G>T	NA	0/0	34	32,2
chr10	14945441	NA	A	G	29.7075	NA	DCLRE1C	5_prime_UTR_variant	MODIFIER	c.-206T>C	NA	0/1	4	2,2
chr10	14945441	NA	A	G	29.7075	NA	DCLRE1C	5_prime_UTR_variant	MODIFIER	c.-528T>C	NA	0/1	4	2,2
chr11	36573421	NA	A	T	7.07425E-15	NA	RAG1	missense_variant	MODERATE	c.117A>T	p.E39D	0/0	33	31,2
chr11	36573563	NA	T	A	2.82494E-8	NA	RAG1	missense_variant	MODERATE	c.259T>A	p.F87I	0/0	24	22,2
chr11	36573623	NA	C	T	1.08712E-11	NA	RAG1	missense_variant	MODERATE	c.319C>T	p.L107F	0/0	30	28,2
chr11	36573921	NA	C	A	1.09393E-14	NA	RAG1	missense_variant	MODERATE	c.617C>A	p.P206H	0/0	54	51,3
chr11	36574057	NA	A	T	14.5253	NA	RAG1	missense_variant	MODERATE	c.753A>T	p.R251S	0/1	4	2,2
chr11	36574893	NA	C	A	8.69182E-10	NA	RAG1	missense_variant	MODERATE	c.1589C>A	p.S530Y	0/0	26	24,2
chr11	36575612	NA	G	A	58.2203	NA	RAG1	missense_variant	MODERATE	c.2308G>A	p.E770K	1/1	2	0,2
chr11	36576101	NA	G	T	1.84876E-5	NA	RAG1	stop_gained	HIGH	c.2797G>T	p.G933*	0/1	15	13,2
chr11	36576863	NA	T	A	7.07801E-15	NA	RAG1	3_prime_UTR_variant	MODIFIER	c.*427T>A	NA	0/0	33	31,2
chr11	36576986	NA	A	T	8.39359	NA	RAG1	3_prime_UTR_variant	MODIFIER	c.*550A>T	NA	0/1	4	2,2
chr11	36577859	NA	T	C	2.82494E-8	NA	RAG1	3_prime_UTR_variant	MODIFIER	c.*1423T>C	NA	0/0	24	22,2
chr11	36577976	NA	T	G	2.08842E-14	NA	RAG1	3_prime_UTR_variant	MODIFIER	c.*1540T>G	NA	0/0	33	31,2
chr11	36578431	NA	T	A	4.31541E-14	NA	RAG1	3_prime_UTR_variant	MODIFIER	c.*1995T>A	NA	0/0	40	38,2
chr11	36578683	NA	T	G	2.76221E-9	NA	RAG1	3_prime_UTR_variant	MODIFIER	c.*2247T>G	NA	0/0	18	16,2
chr11	36579385	NA	A	G	1.22728E-14	NA	RAG1	3_prime_UTR_variant	MODIFIER	c.*2949A>G	NA	0/0	30	28,2
chr11	36579460	NA	G	T	4.74614E-13	NA	RAG1	3_prime_UTR_variant	MODIFIER	c.*3024G>T	NA	0/0	25	23,2
chr11	36579488	NA	C	A	3.88392E-11	NA	RAG1	3_prime_UTR_variant	MODIFIER	c.*3052C>A	NA	0/0	21	18,2
chr11	36579526	NA	G	T	1.5642E-7	NA	RAG1	3_prime_UTR_variant	MODIFIER	c.*3090G>T	NA	0/0	17	15,2
chr11	36579546	NA	CTTTTTTTTTTTTGTATTTCA	CTTTTTTTTTTTGTATTTCA	35.102	NA	RAG1	3_prime_UTR_variant	MODIFIER	c.*3122delT	NA	0/1	6	1,3
chr11	36592347	NA	G	A	2.91316E-12	NA	RAG2	3_prime_UTR_variant	MODIFIER	c.*238C>T	NA	0/0	31	29,2
chr11	36592347	NA	G	A	2.91316E-12	NA	RAG2	3_prime_UTR_variant	MODIFIER	c.*238C>T	NA	0/0	31	29,2
chr11	36592347	NA	G	A	2.91316E-12	NA	RAG2	3_prime_UTR_variant	MODIFIER	c.*238C>T	NA	0/0	31	29,2
chr11	36592588	NA	A	G	3.19855E-13	NA	RAG2	synonymous_variant	LOW	c.1581T>C	p.D527D	0/0	32	30,2
chr11	36592588	NA	A	G	3.19855E-13	NA	RAG2	synonymous_variant	LOW	c.1581T>C	p.D527D	0/0	32	30,2
chr11	36592588	NA	A	G	3.19855E-13	NA	RAG2	synonymous_variant	LOW	c.1581T>C	p.D527D	0/0	32	30,2
chr11	36592815	NA	GCCCAT	GCCAT	1.58151E-7	NA	RAG2	frameshift_variant	HIGH	c.1351delG	p.H452fs	0/1	22	20,2
chr11	36592815	NA	GCCCAT	GCCAT	1.58151E-7	NA	RAG2	frameshift_variant	HIGH	c.1351delG	p.H452fs	0/1	22	20,2
chr11	36592815	NA	GCCCAT	GCCAT	1.58151E-7	NA	RAG2	frameshift_variant	HIGH	c.1351delG	p.H452fs	0/1	22	20,2
chr11	36593691	NA	A	G	9.14421E-8	NA	RAG2	missense_variant	MODERATE	c.478T>C	p.S160P	0/0	18	16,2
chr11	36593691	NA	A	G	9.14421E-8	NA	RAG2	missense_variant	MODERATE	c.478T>C	p.S160P	0/0	18	16,2
chr11	36593691	NA	A	G	9.14421E-8	NA	RAG2	missense_variant	MODERATE	c.478T>C	p.S160P	0/0	18	16,2
chr11	36593708	NA	ACA	AA	0.00377157	NA	RAG2	frameshift_variant	HIGH	c.460delG	p.V154fs	0/1	13	11,2
chr11	36593708	NA	ACA	AA	0.00377157	NA	RAG2	frameshift_variant	HIGH	c.460delG	p.V154fs	0/1	13	11,2
chr11	36593708	NA	ACA	AA	0.00377157	NA	RAG2	frameshift_variant	HIGH	c.460delG	p.V154fs	0/1	13	11,2
chr11	36594976	NA	G	T	12.7026	NA	RAG2	5_prime_UTR_premature_start_codon_gain_variant	LOW	c.-197C>A	NA	0/1	4	2,2
chr11	36594976	NA	G	T	12.7026	NA	RAG2	5_prime_UTR_premature_start_codon_gain_variant	LOW	c.-197C>A	NA	0/1	4	2,2
chr11	36594976	NA	G	T	12.7026	NA	RAG2	5_prime_UTR_variant	MODIFIER	c.-197C>A	NA	0/1	4	2,2
chr11	36594976	NA	G	T	12.7026	NA	RAG2	5_prime_UTR_variant	MODIFIER	c.-197C>A	NA	0/1	4	2,2
chr11	36598167	NA	A	G	2.20828E-6	NA	RAG2	5_prime_UTR_variant	MODIFIER	c.-93T>C	NA	0/0	16	14,2
chr11	36598167	NA	A	G	2.20828E-6	NA	RAG2	5_prime_UTR_variant	MODIFIER	c.-288T>C	NA	0/0	16	14,2
chr11	36598167	NA	A	G	2.20828E-6	NA	RAG2	5_prime_UTR_variant	MODIFIER	c.-482T>C	NA	0/0	16	14,2
chr11	118307292	NA	C	T	55.9262	NA	CD3E	synonymous_variant	LOW	c.54C>T	p.G18G	0/1	27	20,7
chr11	118312694	NA	A	G	0.0800318	NA	CD3E	synonymous_variant	LOW	c.180A>G	p.Q60Q	0/1	8	6,2
chr11	118312792	NA	G	T	2.19859E-13	NA	CD3E	missense_variant	MODERATE	c.278G>T	p.S93I	0/0	33	31,2
chr11	118313791	NA	T	G	2.06146E-9	NA	CD3E	missense_variant	MODERATE	c.437T>G	p.L146R	0/0	18	16,2
chr11	118316073	NA	C	A	5.83677	NA	CD3E	3_prime_UTR_variant	MODIFIER	c.*531C>A	NA	0/1	8	6,2
chr11	118342691	NA	A	C	4.07372E-12	NA	CD3D	5_prime_UTR_variant	MODIFIER	c.-84T>G	NA	0/0	22	20,2
chr11	118342691	NA	A	C	4.07372E-12	NA	CD3D	5_prime_UTR_variant	MODIFIER	c.-84T>G	NA	0/0	22	20,2
chr11	118344348	NA	T	C	1.03581E-7	NA	CD3G	5_prime_UTR_variant	MODIFIER	c.-76T>C	NA	0/1	23	21,2
chr11	118344360	NA	AGGCTGGCTGGCTGGCTGGCTG	AGGCTGGCTGGCTGGCTG	302.837	NA	CD3G	5_prime_UTR_variant	MODIFIER	c.-46_-43delGCTG	NA	0/1	18	2,15
chr11	118349806	NA	C	A	0.00281636	NA	CD3G	missense_variant	MODERATE	c.143C>A	p.A48E	0/1	15	13,2
chr11	118349867	NA	TAAAAAAAAATGG	TAAAAAAAATGG	9.4627E-15	NA	CD3G	frameshift_variant	HIGH	c.213delA	p.K71fs	0/0	31	29,2
chr11	118349929	NA	G	T	0.111881	NA	CD3G	missense_variant	MODERATE	c.266G>T	p.G89V	0/1	12	10,2
chr11	118350634	NA	TG	CT	957.694	NA	CD3G	missense_variant	MODERATE	c.390_391delTGinsCT	p.V131F	0/1	85	46,39
chr11	118353172	NA	A	C	2.25035E-14	NA	CD3G	3_prime_UTR_variant	MODIFIER	c.*72A>C	NA	0/0	33	31,2
chr11	118353553	NA	G	T	1.48936	NA	CD3G	3_prime_UTR_variant	MODIFIER	c.*453G>T	NA	0/1	4	2,2
chr13	108207490	NA	A	T	21.9722	NA	LIG4	3_prime_UTR_variant	MODIFIER	c.*1043T>A	NA	0/1	4	2,2
chr13	108207490	NA	A	T	21.9722	NA	LIG4	3_prime_UTR_variant	MODIFIER	c.*1043T>A	NA	0/1	4	2,2
chr13	108207490	NA	A	T	21.9722	NA	LIG4	3_prime_UTR_variant	MODIFIER	c.*1043T>A	NA	0/1	4	2,2
chr13	108207490	NA	A	T	21.9722	NA	LIG4	3_prime_UTR_variant	MODIFIER	c.*1043T>A	NA	0/1	4	2,2
chr13	108207490	NA	A	T	21.9722	NA	LIG4	3_prime_UTR_variant	MODIFIER	c.*1043T>A	NA	0/1	4	2,2
chr13	108207490	NA	A	T	21.9722	NA	LIG4	3_prime_UTR_variant	MODIFIER	c.*1043T>A	NA	0/1	4	2,2
chr13	108207490	NA	A	T	21.9722	NA	LIG4	3_prime_UTR_variant	MODIFIER	c.*1043T>A	NA	0/1	4	2,2
chr13	108207490	NA	A	T	21.9722	NA	LIG4	3_prime_UTR_variant	MODIFIER	c.*1043T>A	NA	0/1	4	2,2
chr13	108207490	NA	A	T	21.9722	NA	LIG4	3_prime_UTR_variant	MODIFIER	c.*1043T>A	NA	0/1	4	2,2
chr13	108207490	NA	A	T	21.9722	NA	LIG4	3_prime_UTR_variant	MODIFIER	c.*1043T>A	NA	0/1	4	2,2
chr13	108207490	NA	A	T	21.9722	NA	LIG4	3_prime_UTR_variant	MODIFIER	c.*1043T>A	NA	0/1	4	2,2
chr13	108208197	NA	C	A	5.83677	NA	LIG4	3_prime_UTR_variant	MODIFIER	c.*336G>T	NA	0/1	8	6,2
chr13	108208197	NA	C	A	5.83677	NA	LIG4	3_prime_UTR_variant	MODIFIER	c.*336G>T	NA	0/1	8	6,2
chr13	108208197	NA	C	A	5.83677	NA	LIG4	3_prime_UTR_variant	MODIFIER	c.*336G>T	NA	0/1	8	6,2
chr13	108208197	NA	C	A	5.83677	NA	LIG4	3_prime_UTR_variant	MODIFIER	c.*336G>T	NA	0/1	8	6,2
chr13	108208197	NA	C	A	5.83677	NA	LIG4	3_prime_UTR_variant	MODIFIER	c.*336G>T	NA	0/1	8	6,2
chr13	108208197	NA	C	A	5.83677	NA	LIG4	3_prime_UTR_variant	MODIFIER	c.*336G>T	NA	0/1	8	6,2
chr13	108208197	NA	C	A	5.83677	NA	LIG4	3_prime_UTR_variant	MODIFIER	c.*336G>T	NA	0/1	8	6,2
chr13	108208197	NA	C	A	5.83677	NA	LIG4	3_prime_UTR_variant	MODIFIER	c.*336G>T	NA	0/1	8	6,2
chr13	108208197	NA	C	A	5.83677	NA	LIG4	3_prime_UTR_variant	MODIFIER	c.*336G>T	NA	0/1	8	6,2
chr13	108208197	NA	C	A	5.83677	NA	LIG4	3_prime_UTR_variant	MODIFIER	c.*336G>T	NA	0/1	8	6,2
chr13	108208197	NA	C	A	5.83677	NA	LIG4	3_prime_UTR_variant	MODIFIER	c.*336G>T	NA	0/1	8	6,2
chr13	108208315	NA	C	A	1.12243E-12	NA	LIG4	3_prime_UTR_variant	MODIFIER	c.*218G>T	NA	0/0	23	21,2
chr13	108208315	NA	C	A	1.12243E-12	NA	LIG4	3_prime_UTR_variant	MODIFIER	c.*218G>T	NA	0/0	23	21,2
chr13	108208315	NA	C	A	1.12243E-12	NA	LIG4	3_prime_UTR_variant	MODIFIER	c.*218G>T	NA	0/0	23	21,2
chr13	108208315	NA	C	A	1.12243E-12	NA	LIG4	3_prime_UTR_variant	MODIFIER	c.*218G>T	NA	0/0	23	21,2
chr13	108208315	NA	C	A	1.12243E-12	NA	LIG4	3_prime_UTR_variant	MODIFIER	c.*218G>T	NA	0/0	23	21,2
chr13	108208315	NA	C	A	1.12243E-12	NA	LIG4	3_prime_UTR_variant	MODIFIER	c.*218G>T	NA	0/0	23	21,2
chr13	108208315	NA	C	A	1.12243E-12	NA	LIG4	3_prime_UTR_variant	MODIFIER	c.*218G>T	NA	0/0	23	21,2
chr13	108208315	NA	C	A	1.12243E-12	NA	LIG4	3_prime_UTR_variant	MODIFIER	c.*218G>T	NA	0/0	23	21,2
chr13	108208315	NA	C	A	1.12243E-12	NA	LIG4	3_prime_UTR_variant	MODIFIER	c.*218G>T	NA	0/0	23	21,2
chr13	108208315	NA	C	A	1.12243E-12	NA	LIG4	3_prime_UTR_variant	MODIFIER	c.*218G>T	NA	0/0	23	21,2
chr13	108208315	NA	C	A	1.12243E-12	NA	LIG4	3_prime_UTR_variant	MODIFIER	c.*218G>T	NA	0/0	23	21,2
chr13	108208865	NA	G	T	2.28059E-4	NA	LIG4	synonymous_variant	LOW	c.2440C>A	p.R814R	0/1	17	15,2
chr13	108208865	NA	G	T	2.28059E-4	NA	LIG4	synonymous_variant	LOW	c.2404C>A	p.R802R	0/1	17	15,2
chr13	108208865	NA	G	T	2.28059E-4	NA	LIG4	synonymous_variant	LOW	c.2404C>A	p.R802R	0/1	17	15,2
chr13	108208865	NA	G	T	2.28059E-4	NA	LIG4	synonymous_variant	LOW	c.2404C>A	p.R802R	0/1	17	15,2
chr13	108208865	NA	G	T	2.28059E-4	NA	LIG4	synonymous_variant	LOW	c.2404C>A	p.R802R	0/1	17	15,2
chr13	108208865	NA	G	T	2.28059E-4	NA	LIG4	synonymous_variant	LOW	c.2203C>A	p.R735R	0/1	17	15,2
chr13	108208865	NA	G	T	2.28059E-4	NA	LIG4	synonymous_variant	LOW	c.2404C>A	p.R802R	0/1	17	15,2
chr13	108208865	NA	G	T	2.28059E-4	NA	LIG4	synonymous_variant	LOW	c.2404C>A	p.R802R	0/1	17	15,2
chr13	108208865	NA	G	T	2.28059E-4	NA	LIG4	synonymous_variant	LOW	c.2404C>A	p.R802R	0/1	17	15,2
chr13	108208865	NA	G	T	2.28059E-4	NA	LIG4	synonymous_variant	LOW	c.2404C>A	p.R802R	0/1	17	15,2
chr13	108208865	NA	G	T	2.28059E-4	NA	LIG4	synonymous_variant	LOW	c.2404C>A	p.R802R	0/1	17	15,2
chr13	108209531	NA	G	A	1.75086E-14	NA	LIG4	stop_gained	HIGH	c.1774C>T	p.R592*	0/0	37	35,2
chr13	108209531	NA	G	A	1.75086E-14	NA	LIG4	stop_gained	HIGH	c.1738C>T	p.R580*	0/0	37	35,2
chr13	108209531	NA	G	A	1.75086E-14	NA	LIG4	stop_gained	HIGH	c.1738C>T	p.R580*	0/0	37	35,2
chr13	108209531	NA	G	A	1.75086E-14	NA	LIG4	stop_gained	HIGH	c.1738C>T	p.R580*	0/0	37	35,2
chr13	108209531	NA	G	A	1.75086E-14	NA	LIG4	stop_gained	HIGH	c.1738C>T	p.R580*	0/0	37	35,2
chr13	108209531	NA	G	A	1.75086E-14	NA	LIG4	stop_gained	HIGH	c.1537C>T	p.R513*	0/0	37	35,2
chr13	108209531	NA	G	A	1.75086E-14	NA	LIG4	stop_gained	HIGH	c.1738C>T	p.R580*	0/0	37	35,2
chr13	108209531	NA	G	A	1.75086E-14	NA	LIG4	stop_gained	HIGH	c.1738C>T	p.R580*	0/0	37	35,2
chr13	108209531	NA	G	A	1.75086E-14	NA	LIG4	stop_gained	HIGH	c.1738C>T	p.R580*	0/0	37	35,2
chr13	108209531	NA	G	A	1.75086E-14	NA	LIG4	stop_gained	HIGH	c.1738C>T	p.R580*	0/0	37	35,2
chr13	108209531	NA	G	A	1.75086E-14	NA	LIG4	stop_gained	HIGH	c.1738C>T	p.R580*	0/0	37	35,2
chr13	108210041	NA	T	C	7.87328E-13	NA	LIG4	missense_variant	MODERATE	c.1264A>G	p.T422A	0/0	32	30,2
chr13	108210041	NA	T	C	7.87328E-13	NA	LIG4	missense_variant	MODERATE	c.1228A>G	p.T410A	0/0	32	30,2
chr13	108210041	NA	T	C	7.87328E-13	NA	LIG4	missense_variant	MODERATE	c.1228A>G	p.T410A	0/0	32	30,2
chr13	108210041	NA	T	C	7.87328E-13	NA	LIG4	missense_variant	MODERATE	c.1228A>G	p.T410A	0/0	32	30,2
chr13	108210041	NA	T	C	7.87328E-13	NA	LIG4	missense_variant	MODERATE	c.1228A>G	p.T410A	0/0	32	30,2
chr13	108210041	NA	T	C	7.87328E-13	NA	LIG4	missense_variant	MODERATE	c.1027A>G	p.T343A	0/0	32	30,2
chr13	108210041	NA	T	C	7.87328E-13	NA	LIG4	missense_variant	MODERATE	c.1228A>G	p.T410A	0/0	32	30,2
chr13	108210041	NA	T	C	7.87328E-13	NA	LIG4	missense_variant	MODERATE	c.1228A>G	p.T410A	0/0	32	30,2
chr13	108210041	NA	T	C	7.87328E-13	NA	LIG4	missense_variant	MODERATE	c.1228A>G	p.T410A	0/0	32	30,2
chr13	108210041	NA	T	C	7.87328E-13	NA	LIG4	missense_variant	MODERATE	c.1228A>G	p.T410A	0/0	32	30,2
chr13	108210041	NA	T	C	7.87328E-13	NA	LIG4	missense_variant	MODERATE	c.1228A>G	p.T410A	0/0	32	30,2
chr13	108210509	NA	C	T	0.0139764	NA	LIG4	missense_variant	MODERATE	c.796G>A	p.A266T	0/1	13	11,2
chr13	108210509	NA	C	T	0.0139764	NA	LIG4	missense_variant	MODERATE	c.760G>A	p.A254T	0/1	13	11,2
chr13	108210509	NA	C	T	0.0139764	NA	LIG4	missense_variant	MODERATE	c.760G>A	p.A254T	0/1	13	11,2
chr13	108210509	NA	C	T	0.0139764	NA	LIG4	missense_variant	MODERATE	c.760G>A	p.A254T	0/1	13	11,2
chr13	108210509	NA	C	T	0.0139764	NA	LIG4	missense_variant	MODERATE	c.760G>A	p.A254T	0/1	13	11,2
chr13	108210509	NA	C	T	0.0139764	NA	LIG4	missense_variant	MODERATE	c.559G>A	p.A187T	0/1	13	11,2
chr13	108210509	NA	C	T	0.0139764	NA	LIG4	missense_variant	MODERATE	c.760G>A	p.A254T	0/1	13	11,2
chr13	108210509	NA	C	T	0.0139764	NA	LIG4	missense_variant	MODERATE	c.760G>A	p.A254T	0/1	13	11,2
chr13	108210509	NA	C	T	0.0139764	NA	LIG4	missense_variant	MODERATE	c.760G>A	p.A254T	0/1	13	11,2
chr13	108210509	NA	C	T	0.0139764	NA	LIG4	missense_variant	MODERATE	c.760G>A	p.A254T	0/1	13	11,2
chr13	108210509	NA	C	T	0.0139764	NA	LIG4	missense_variant	MODERATE	c.760G>A	p.A254T	0/1	13	11,2
chr13	108210762	NA	C	A	8.85976E-15	NA	LIG4	missense_variant	MODERATE	c.543G>T	p.K181N	0/0	29	27,2
chr13	108210762	NA	C	A	8.85976E-15	NA	LIG4	missense_variant	MODERATE	c.507G>T	p.K169N	0/0	29	27,2
chr13	108210762	NA	C	A	8.85976E-15	NA	LIG4	missense_variant	MODERATE	c.507G>T	p.K169N	0/0	29	27,2
chr13	108210762	NA	C	A	8.85976E-15	NA	LIG4	missense_variant	MODERATE	c.507G>T	p.K169N	0/0	29	27,2
chr13	108210762	NA	C	A	8.85976E-15	NA	LIG4	missense_variant	MODERATE	c.507G>T	p.K169N	0/0	29	27,2
chr13	108210762	NA	C	A	8.85976E-15	NA	LIG4	missense_variant	MODERATE	c.306G>T	p.K102N	0/0	29	27,2
chr13	108210762	NA	C	A	8.85976E-15	NA	LIG4	missense_variant	MODERATE	c.507G>T	p.K169N	0/0	29	27,2
chr13	108210762	NA	C	A	8.85976E-15	NA	LIG4	missense_variant	MODERATE	c.507G>T	p.K169N	0/0	29	27,2
chr13	108210762	NA	C	A	8.85976E-15	NA	LIG4	missense_variant	MODERATE	c.507G>T	p.K169N	0/0	29	27,2
chr13	108210762	NA	C	A	8.85976E-15	NA	LIG4	missense_variant	MODERATE	c.507G>T	p.K169N	0/0	29	27,2
chr13	108210762	NA	C	A	8.85976E-15	NA	LIG4	missense_variant	MODERATE	c.507G>T	p.K169N	0/0	29	27,2
chr13	108211154	NA	A	G	0.00975559	NA	LIG4	missense_variant	MODERATE	c.151T>C	p.F51L	0/1	14	12,2
chr13	108211154	NA	A	G	0.00975559	NA	LIG4	missense_variant	MODERATE	c.115T>C	p.F39L	0/1	14	12,2
chr13	108211154	NA	A	G	0.00975559	NA	LIG4	missense_variant	MODERATE	c.115T>C	p.F39L	0/1	14	12,2
chr13	108211154	NA	A	G	0.00975559	NA	LIG4	missense_variant	MODERATE	c.115T>C	p.F39L	0/1	14	12,2
chr13	108211154	NA	A	G	0.00975559	NA	LIG4	missense_variant	MODERATE	c.115T>C	p.F39L	0/1	14	12,2
chr13	108211154	NA	A	G	0.00975559	NA	LIG4	missense_variant	MODERATE	c.115T>C	p.F39L	0/1	14	12,2
chr13	108211154	NA	A	G	0.00975559	NA	LIG4	missense_variant	MODERATE	c.115T>C	p.F39L	0/1	14	12,2
chr13	108211154	NA	A	G	0.00975559	NA	LIG4	missense_variant	MODERATE	c.115T>C	p.F39L	0/1	14	12,2
chr13	108211154	NA	A	G	0.00975559	NA	LIG4	missense_variant	MODERATE	c.115T>C	p.F39L	0/1	14	12,2
chr13	108211154	NA	A	G	0.00975559	NA	LIG4	missense_variant	MODERATE	c.115T>C	p.F39L	0/1	14	12,2
chr13	108211154	NA	A	G	0.00975559	NA	LIG4	5_prime_UTR_variant	MODIFIER	c.-87T>C	NA	0/1	14	12,2
chr14	20474797	NA	C	A	1.08797	NA	PNP	missense_variant	MODERATE	c.310C>A	p.H104N	0/1	10	8,2
chr14	20476585	NA	C	G	2.07905E-9	NA	PNP	missense_variant	MODERATE	c.854C>G	p.P285R	0/0	26	24,2
chr14	20476596	NA	A	C	1.17611E-7	NA	PNP	missense_variant	MODERATE	c.865A>C	p.S289R	0/0	19	17,2
chr14	20476604	NA	T	C	1.93224E-6	NA	PNP	3_prime_UTR_variant	MODIFIER	c.*3T>C	NA	0/0	15	13,2
chr14	20476838	NA	T	A	3.4663E-8	NA	PNP	3_prime_UTR_variant	MODIFIER	c.*237T>A	NA	0/0	16	14,2
chr14	20477329	NA	T	C	195.113	NA	PNP	3_prime_UTR_variant	MODIFIER	c.*728T>C	NA	1/1	7	0,7
chr16	30186830	NA	A	G	160.034	NA	CORO1A	synonymous_variant	LOW	c.336A>G	p.P112P	0/1	27	18,9
chr16	30186830	NA	A	G	160.034	NA	CORO1A	synonymous_variant	LOW	c.336A>G	p.P112P	0/1	27	18,9
chr16	30187120	NA	C	G	0.0	NA	CORO1A	missense_variant	MODERATE	c.533C>G	p.T178R	0/0	49	46,3
chr16	30187120	NA	C	G	0.0	NA	CORO1A	missense_variant	MODERATE	c.533C>G	p.T178R	0/0	49	46,3
chr16	30187434	NA	C	T	1333.79	NA	CORO1A	missense_variant	MODERATE	c.689C>T	p.S230L	0/1	77	24,53
chr16	30187434	NA	C	T	1333.79	NA	CORO1A	missense_variant	MODERATE	c.689C>T	p.S230L	0/1	77	24,53
chr17	28523963	NA	C	A	7.09685E-15	NA	FOXN1	5_prime_UTR_premature_start_codon_gain_variant	LOW	c.-7C>A	NA	0/0	38	36,2
chr17	28523963	NA	C	A	7.09685E-15	NA	FOXN1	5_prime_UTR_premature_start_codon_gain_variant	LOW	c.-7C>A	NA	0/0	38	36,2
chr17	28523963	NA	C	A	7.09685E-15	NA	FOXN1	5_prime_UTR_variant	MODIFIER	c.-7C>A	NA	0/0	38	36,2
chr17	28523963	NA	C	A	7.09685E-15	NA	FOXN1	5_prime_UTR_variant	MODIFIER	c.-7C>A	NA	0/0	38	36,2
chr17	28524734	NA	A	T	14.0301	NA	FOXN1	missense_variant	MODERATE	c.355A>T	p.S119C	0/1	6	4,2
chr17	28524734	NA	A	T	14.0301	NA	FOXN1	missense_variant	MODERATE	c.355A>T	p.S119C	0/1	6	4,2
chr17	28530749	NA	C	A	5.3241E-9	NA	FOXN1	missense_variant&splice_region_variant	MODERATE	c.831C>A	p.S277R	0/0	18	16,2
chr17	28530749	NA	C	A	5.3241E-9	NA	FOXN1	missense_variant&splice_region_variant	MODERATE	c.831C>A	p.S277R	0/0	18	16,2
chr17	28535029	NA	C	A	2.76222E-9	NA	FOXN1	synonymous_variant	LOW	c.1458C>A	p.G486G	0/0	18	16,2
chr17	28535029	NA	C	A	2.76222E-9	NA	FOXN1	synonymous_variant	LOW	c.1458C>A	p.G486G	0/0	18	16,2
chr17	28537426	NA	C	A	0.0040811	NA	FOXN1	missense_variant	MODERATE	c.1937C>A	p.A646D	0/1	14	12,2
chr17	28537426	NA	C	A	0.0040811	NA	FOXN1	missense_variant	MODERATE	c.1937C>A	p.A646D	0/1	14	12,2
chr17	28537699	NA	C	A	2.48249E-9	NA	FOXN1	3_prime_UTR_variant	MODIFIER	c.*263C>A	NA	0/0	22	20,2
chr17	28537699	NA	C	A	2.48249E-9	NA	FOXN1	3_prime_UTR_variant	MODIFIER	c.*263C>A	NA	0/0	22	20,2
chr18	58671561	NA	A	C	1.90907E-14	NA	MALT1	5_prime_UTR_variant	MODIFIER	c.-83A>C	NA	0/0	32	30,2
chr18	58671561	NA	A	C	1.90907E-14	NA	MALT1	5_prime_UTR_variant	MODIFIER	c.-83A>C	NA	0/0	32	30,2
chr18	58735205	NA	T	A	1.0367E-14	NA	MALT1	stop_gained	HIGH	c.1479T>A	p.C493*	0/0	35	33,2
chr18	58735205	NA	T	A	1.0367E-14	NA	MALT1	stop_gained	HIGH	c.1446T>A	p.C482*	0/0	35	33,2
chr18	58747792	NA	G	A	400.49	NA	MALT1	missense_variant	MODERATE	c.2425G>A	p.D809N	0/1	26	10,16
chr18	58747792	NA	G	A	400.49	NA	MALT1	missense_variant	MODERATE	c.2392G>A	p.D798N	0/1	26	10,16
chr18	58748393	NA	A	T	58.2203	NA	MALT1	3_prime_UTR_variant	MODIFIER	c.*551A>T	NA	1/1	2	0,2
chr18	58748393	NA	A	T	58.2203	NA	MALT1	3_prime_UTR_variant	MODIFIER	c.*551A>T	NA	1/1	2	0,2
chr18	58750581	NA	C	T	47.0026	NA	MALT1	3_prime_UTR_variant	MODIFIER	c.*2739C>T	NA	0/1	5	2,3
chr18	58750581	NA	C	T	47.0026	NA	MALT1	3_prime_UTR_variant	MODIFIER	c.*2739C>T	NA	0/1	5	2,3
chr18	58751396	NA	ATTTTTTTTTTTTTAAGAC	ATTTTTTTTTTTTAAGAC	54.4327	NA	MALT1	3_prime_UTR_variant	MODIFIER	c.*3567delT	NA	1/1	2	0,2
chr18	58751396	NA	ATTTTTTTTTTTTTAAGAC	ATTTTTTTTTTTTAAGAC	54.4327	NA	MALT1	3_prime_UTR_variant	MODIFIER	c.*3567delT	NA	1/1	2	0,2
chr18	58752216	NA	C	A	21.9722	NA	MALT1	3_prime_UTR_variant	MODIFIER	c.*4374C>A	NA	0/1	4	2,2
chr18	58752216	NA	C	A	21.9722	NA	MALT1	3_prime_UTR_variant	MODIFIER	c.*4374C>A	NA	0/1	4	2,2
chr19	17825261	NA	T	C	4.88055E-6	NA	JAK3	3_prime_UTR_variant	MODIFIER	c.*1482A>G	NA	0/0	12	10,2
chr19	17831674	NA	C	T	1.37562E-6	NA	JAK3	splice_region_variant&synonymous_variant	LOW	c.2805G>A	p.K935K	0/1	21	19,2
chr19	17832520	NA	C	A	2.25887E-6	NA	JAK3	splice_region_variant&synonymous_variant	LOW	c.2679G>T	p.P893P	0/1	21	18,2
chr19	17832885	NA	G	T	7.87328E-13	NA	JAK3	missense_variant	MODERATE	c.2395C>A	p.R799S	0/0	32	30,2
chr19	17835083	NA	T	G	1.22014E-6	NA	JAK3	missense_variant&splice_region_variant	MODERATE	c.2047A>C	p.M683L	0/0	12	10,2
chr19	17835084	NA	C	A	0.0040811	NA	JAK3	missense_variant&splice_region_variant	MODERATE	c.2046G>T	p.E682D	0/1	14	12,2
chr19	17838049	NA	GCCCAG	GCCAG	2.49371E-14	NA	JAK3	frameshift_variant	HIGH	c.1581delG	p.G528fs	0/0	36	34,2
chr19	17838390	NA	T	C	1.57082E-14	NA	JAK3	missense_variant&splice_region_variant	MODERATE	c.1442A>G	p.E481G	0/0	36	34,2
chr19	17840233	NA	G	T	4.06E-11	NA	JAK3	synonymous_variant	LOW	c.1251C>A	p.V417V	0/0	29	27,2
chr19	17840242	NA	A	T	2.91314E-12	NA	JAK3	synonymous_variant	LOW	c.1242T>A	p.T414T	0/0	31	29,2
chr19	17841523	NA	G	T	2.60976E-14	NA	JAK3	synonymous_variant	LOW	c.1008C>A	p.P336P	0/0	35	33,2
chr19	17842389	NA	C	A	5.61345E-10	NA	JAK3	missense_variant	MODERATE	c.788G>T	p.G263V	0/0	27	25,2
chr19	17842515	NA	A	C	1.92964E-10	NA	JAK3	missense_variant	MODERATE	c.662T>G	p.L221R	0/0	19	17,2
chr19	17842519	NA	C	A	1.17611E-7	NA	JAK3	missense_variant	MODERATE	c.658G>T	p.A220S	0/0	19	17,2
chr2	97713589	NA	C	A	703.903	NA	ZAP70	5_prime_UTR_variant	MODIFIER	c.-186C>A	NA	0/1	63	34,29
chr2	97725201	NA	A	C	3.89545E-15	NA	ZAP70	missense_variant	MODERATE	c.512A>C	p.E171A	0/0	34	32,2
chr2	97738020	NA	C	T	1.07787E-13	NA	ZAP70	missense_variant	MODERATE	c.1649C>T	p.A550V	0/0	36	34,2
chr2	97738020	NA	C	T	1.07787E-13	NA	ZAP70	missense_variant	MODERATE	c.728C>T	p.A243V	0/0	36	34,2
chr2	97738048	NA	G	A	558.125	NA	ZAP70	synonymous_variant	LOW	c.1677G>A	p.E559E	0/1	58	34,24
chr2	97738048	NA	G	A	558.125	NA	ZAP70	synonymous_variant	LOW	c.756G>A	p.E252E	0/1	58	34,24
chr2	97739399	NA	G	A	0.0208781	NA	ZAP70	synonymous_variant	LOW	c.1761G>A	p.L587L	0/1	16	14,2
chr2	97739399	NA	G	A	0.0208781	NA	ZAP70	synonymous_variant	LOW	c.840G>A	p.L280L	0/1	16	14,2
chr2	97739527	NA	G	A	137.181	NA	ZAP70	3_prime_UTR_variant	MODIFIER	c.*29G>A	NA	0/1	13	6,7
chr2	97739527	NA	G	A	137.181	NA	ZAP70	3_prime_UTR_variant	MODIFIER	c.*29G>A	NA	0/1	13	6,7
chr2	97739804	NA	TGGGCA	TGGCA	3.22598E-14	NA	ZAP70	3_prime_UTR_variant	MODIFIER	c.*309delG	NA	0/0	36	34,2
chr2	97739804	NA	TGGGCA	TGGCA	3.22598E-14	NA	ZAP70	3_prime_UTR_variant	MODIFIER	c.*309delG	NA	0/0	36	34,2
chr2	219075762	NA	C	T	882.05	NA	NHEJ1	3_prime_UTR_variant	MODIFIER	c.*619G>A	NA	1/1	30	0,30
chr2	219076341	NA	G	A	39.6142	NA	NHEJ1	3_prime_UTR_variant	MODIFIER	c.*40C>T	NA	0/1	3	1,2
chr2	219076347	NA	C	A	35.8273	NA	NHEJ1	3_prime_UTR_variant	MODIFIER	c.*34G>T	NA	0/1	3	1,2
chr20	44622908	NA	T	G	1.56859E-14	NA	ADA	missense_variant	MODERATE	c.701A>C	p.E234A	0/0	31	29,2
chr20	44622908	NA	T	G	1.56859E-14	NA	ADA	missense_variant	MODERATE	c.296A>C	p.E99A	0/0	31	29,2
chr20	44622908	NA	T	G	1.56859E-14	NA	ADA	missense_variant	MODERATE	c.629A>C	p.E210A	0/0	31	29,2
chr20	44622908	NA	T	G	1.56859E-14	NA	ADA	non_coding_transcript_exon_variant	MODIFIER	n.852A>C	NA	0/0	31	29,2
chr20	44624274	NA	T	C	1734.12	NA	ADA	synonymous_variant	LOW	c.534A>G	p.V178V	1/1	57	1,56
chr20	44624274	NA	T	C	1734.12	NA	ADA	synonymous_variant	LOW	c.129A>G	p.V43V	1/1	57	1,56
chr20	44624274	NA	T	C	1734.12	NA	ADA	synonymous_variant	LOW	c.534A>G	p.V178V	1/1	57	1,56
chr20	44624274	NA	T	C	1734.12	NA	ADA	non_coding_transcript_exon_variant	MODIFIER	n.685A>G	NA	1/1	57	1,56
chr20	44625657	NA	C	T	438.078	NA	ADA	synonymous_variant	LOW	c.390G>A	p.V130V	0/1	61	35,26
chr20	44625657	NA	C	T	438.078	NA	ADA	synonymous_variant	LOW	c.390G>A	p.V130V	0/1	61	35,26
chr20	44625657	NA	C	T	438.078	NA	ADA	non_coding_transcript_exon_variant	MODIFIER	n.541G>A	NA	0/1	61	35,26
chr20	44626507	NA	G	A	3.3533E-14	NA	ADA	missense_variant	MODERATE	c.311C>T	p.P104L	0/0	34	32,2
chr20	44626507	NA	G	A	3.3533E-14	NA	ADA	missense_variant	MODERATE	c.22C>T	p.R8C	0/0	34	32,2
chr20	44626507	NA	G	A	3.3533E-14	NA	ADA	missense_variant	MODERATE	c.311C>T	p.P104L	0/0	34	32,2
chr20	44626507	NA	G	A	3.3533E-14	NA	ADA	non_coding_transcript_exon_variant	MODIFIER	n.462C>T	NA	0/0	34	32,2
chr20	44636286	NA	C	T	294.821	NA	ADA	splice_region_variant&synonymous_variant	LOW	c.36G>A	p.V12V	1/1	10	0,10
chr20	44636286	NA	C	T	294.821	NA	ADA	splice_region_variant	LOW	c.-254G>A	NA	1/1	10	0,10
chr20	44636286	NA	C	T	294.821	NA	ADA	splice_region_variant&synonymous_variant	LOW	c.36G>A	p.V12V	1/1	10	0,10
chr20	44636286	NA	C	T	294.821	NA	ADA	splice_region_variant&non_coding_transcript_exon_variant	LOW	n.187G>A	NA	1/1	10	0,10
chr20	44636286	NA	C	T	294.821	NA	ADA	5_prime_UTR_variant	MODIFIER	c.-254G>A	NA	1/1	10	0,10
chr5	35860966	NA	T	C	604.198	NA	IL7R	missense_variant	MODERATE	c.197T>C	p.I66T	1/1	21	0,21
chr5	35860966	NA	T	C	604.198	NA	IL7R	non_coding_transcript_exon_variant	MODIFIER	n.284T>C	NA	1/1	21	0,21
chr5	35871088	NA	G	A	317.444	NA	IL7R	missense_variant	MODERATE	c.412G>A	p.V138I	1/1	10	0,10
chr5	35871088	NA	G	A	317.444	NA	IL7R	non_coding_transcript_exon_variant	MODIFIER	n.499G>A	NA	1/1	10	0,10
chr5	35874473	NA	C	T	395.94	NA	IL7R	missense_variant	MODERATE	c.731C>T	p.T244I	0/1	57	37,20
chr5	35876172	NA	A	G	191.938	NA	IL7R	missense_variant	MODERATE	c.1066A>G	p.I356V	0/1	10	2,8
chr5	35876172	NA	A	G	191.938	NA	IL7R	non_coding_transcript_exon_variant	MODIFIER	n.890A>G	NA	0/1	10	2,8
chr5	35876489	NA	T	C	10.0104	NA	IL7R	3_prime_UTR_variant	MODIFIER	c.*3T>C	NA	0/1	3	1,2
chr5	35876489	NA	T	C	10.0104	NA	IL7R	non_coding_transcript_exon_variant	MODIFIER	n.1207T>C	NA	0/1	3	1,2
chr5	35877250	NA	C	T	58.2203	NA	IL7R	3_prime_UTR_variant	MODIFIER	c.*764C>T	NA	1/1	2	0,2
chr5	35877250	NA	C	T	58.2203	NA	IL7R	non_coding_transcript_exon_variant	MODIFIER	n.1968C>T	NA	1/1	2	0,2
chr5	35877812	NA	A	G	58.2203	NA	IL7R	3_prime_UTR_variant	MODIFIER	c.*1326A>G	NA	1/1	2	0,2
chr5	35877812	NA	A	G	58.2203	NA	IL7R	non_coding_transcript_exon_variant	MODIFIER	n.2530A>G	NA	1/1	2	0,2
chr5	35878147	NA	G	A	58.2203	NA	IL7R	3_prime_UTR_variant	MODIFIER	c.*1661G>A	NA	1/1	2	0,2
chr5	35878147	NA	G	A	58.2203	NA	IL7R	non_coding_transcript_exon_variant	MODIFIER	n.2865G>A	NA	1/1	2	0,2
chr5	35878825	NA	T	C	124.041	NA	IL7R	3_prime_UTR_variant	MODIFIER	c.*2339T>C	NA	1/1	4	0,4
chr5	35878825	NA	T	C	124.041	NA	IL7R	non_coding_transcript_exon_variant	MODIFIER	n.3543T>C	NA	1/1	4	0,4
chr5	35879054	NA	G	T	54.4327	NA	IL7R	3_prime_UTR_variant	MODIFIER	c.*2568G>T	NA	1/1	2	0,2
chr5	35879054	NA	G	T	54.4327	NA	IL7R	non_coding_transcript_exon_variant	MODIFIER	n.3772G>T	NA	1/1	2	0,2
chr7	2906507	NA	G	A	606.241	NA	CARD11	3_prime_UTR_variant	MODIFIER	c.*131C>T	NA	0/1	45	19,26
chr7	2906507	NA	G	A	606.241	NA	CARD11	3_prime_UTR_variant	MODIFIER	c.*131C>T	NA	0/1	45	19,26
chr7	2906619	NA	T	A	14.0301	NA	CARD11	3_prime_UTR_variant	MODIFIER	c.*19A>T	NA	0/1	6	4,2
chr7	2906619	NA	T	A	14.0301	NA	CARD11	3_prime_UTR_variant	MODIFIER	c.*19A>T	NA	0/1	6	4,2
chr7	2906827	NA	T	C	42.3225	NA	CARD11	synonymous_variant	LOW	c.3276A>G	p.R1092R	0/1	5	2,3
chr7	2906827	NA	T	C	42.3225	NA	CARD11	synonymous_variant	LOW	c.3276A>G	p.R1092R	0/1	5	2,3
chr7	2912190	NA	A	G	209.236	NA	CARD11	synonymous_variant	LOW	c.3126T>C	p.I1042I	0/1	23	13,10
chr7	2912190	NA	A	G	209.236	NA	CARD11	synonymous_variant	LOW	c.3126T>C	p.I1042I	0/1	23	13,10
chr7	2913460	NA	T	C	5.61345E-10	NA	CARD11	missense_variant	MODERATE	c.2846A>G	p.D949G	0/0	27	25,2
chr7	2913460	NA	T	C	5.61345E-10	NA	CARD11	missense_variant	MODERATE	c.2846A>G	p.D949G	0/0	27	25,2
chr7	2915271	NA	C	A	5.75095E-7	NA	CARD11	synonymous_variant	LOW	c.2805G>T	p.L935L	0/1	21	19,2
chr7	2915271	NA	C	A	5.75095E-7	NA	CARD11	synonymous_variant	LOW	c.2805G>T	p.L935L	0/1	21	19,2
chr7	2917371	NA	T	C	1597.03	NA	CARD11	synonymous_variant	LOW	c.2622A>G	p.P874P	1/1	56	2,54
chr7	2917371	NA	T	C	1597.03	NA	CARD11	synonymous_variant	LOW	c.2622A>G	p.P874P	1/1	56	2,54
chr7	2919538	NA	G	A	1376.66	NA	CARD11	synonymous_variant	LOW	c.2344C>T	p.L782L	1/1	46	0,46
chr7	2919538	NA	G	A	1376.66	NA	CARD11	synonymous_variant	LOW	c.2344C>T	p.L782L	1/1	46	0,46
chr7	2922659	NA	C	G	1239.77	NA	CARD11	synonymous_variant	LOW	c.2244G>C	p.T748T	1/1	40	0,40
chr7	2922659	NA	C	G	1239.77	NA	CARD11	synonymous_variant	LOW	c.2244G>C	p.T748T	1/1	40	0,40
chr7	2928603	NA	A	G	7.87328E-13	NA	CARD11	synonymous_variant	LOW	c.1749T>C	p.H583H	0/0	32	30,2
chr7	2928603	NA	A	G	7.87328E-13	NA	CARD11	synonymous_variant	LOW	c.1749T>C	p.H583H	0/0	32	30,2
chr7	2932576	NA	G	A	4.26273E-8	NA	CARD11	missense_variant	MODERATE	c.1529C>T	p.A510V	0/0	22	20,2
chr7	2932576	NA	G	A	4.26273E-8	NA	CARD11	missense_variant	MODERATE	c.1529C>T	p.A510V	0/0	22	20,2
chr7	2934628	NA	C	A	0.111881	NA	CARD11	missense_variant&splice_region_variant	MODERATE	c.1343G>T	p.S448I	0/1	12	10,2
chr7	2934628	NA	C	A	0.111881	NA	CARD11	missense_variant&splice_region_variant	MODERATE	c.1343G>T	p.S448I	0/1	12	10,2
chr7	2938708	NA	C	A	2.95328E-14	NA	CARD11	missense_variant	MODERATE	c.988G>T	p.A330S	0/0	36	34,2
chr7	2938708	NA	C	A	2.95328E-14	NA	CARD11	missense_variant	MODERATE	c.988G>T	p.A330S	0/0	36	34,2
chr7	2947619	NA	T	A	2.19867E-13	NA	CARD11	missense_variant	MODERATE	c.176A>T	p.E59V	0/0	33	31,2
chr7	2947619	NA	T	A	2.19867E-13	NA	CARD11	missense_variant	MODERATE	c.176A>T	p.E59V	0/0	33	31,2
chr7	2947725	NA	C	A	9.10986E-6	NA	CARD11	stop_gained	HIGH	c.70G>T	p.E24*	0/1	23	20,3
chr7	2947725	NA	C	A	9.10986E-6	NA	CARD11	stop_gained	HIGH	c.70G>T	p.E24*	0/1	23	20,3
chr7	3043814	NA	G	T	14.0301	NA	CARD11	5_prime_UTR_variant	MODIFIER	c.-334C>A	NA	0/1	6	4,2
chr7	3043814	NA	G	T	14.0301	NA	CARD11	5_prime_UTR_variant	MODIFIER	c.-273C>A	NA	0/1	6	4,2
chrX	71107483	NA	G	T	3.39863E-9	NA	IL2RG	3_prime_UTR_variant	MODIFIER	c.*253C>A	NA	0/0	23	21,2
chrX	71108286	NA	C	A	11.8102	NA	IL2RG	synonymous_variant	LOW	c.915G>T	p.G305G	0/1	8	6,2
